2476527.M13REV	U011_A01
2476528.M13REV	U011_A02
2476530.M13REV	U011_A07
2476531.M13REV	U011_A08
2476532.M13REV	U011_B01
2476533.M13REV	U011_B02
2476534.M13REV	U011_B03
2476535.M13REV	U011_B06
2476536.M13REV	U011_B08
2476537.M13REV	U011_B11
2476538.M13REV	U003_C01
2476539.M13REV	U003_C02
2476540.M13REV	U003_C03
2476541.M13REV	U003_C08
2476542.M13REV	U003_C09
2476543.M13REV	U003_D04
2476544.M13REV	U003_D09
2476545.M13REV	U003_D10
2476546.M13REV	U003_D11
2476547.M13REV	U009_E01
2476548.M13REV	U009_E02
2476549.M13REV	U009_E03
2476551.M13REV	U009_E08
2476552.M13REV	U009_E09
2476553.M13REV	U009_F01
2476554.M13REV	U009_F02
2476555.M13REV	U009_F03
2476556.M13REV	U009_F05
2476557.M13REV	U009_F06
2476558.M13REV	U009_F07
2476559.M13REV	U009_F08
2476560.M13REV	U009_F09
2476561.M13REV	U009_F10
2476562.M13REV	U013_G01
2476563.M13REV	U013_G02
2476564.M13REV	U013_G03
2476565.M13REV	U013_G07
2476566.M13REV	U013_G08
2476567.M13REV	U013_G09
2476568.M13REV	U013_H01
2476569.M13REV	U013_H02
2476570.M13REV	U013_H03
2476571.M13REV	U013_H04
2476572.M13REV	U013_H05
2476573.M13REV	U013_H06
2476574.M13REV	U013_H07
2476575.M13REV	U013_H08
2476576.M13REV	U013_H09
2476577.M13REV	U013_H10
2476578.M13REV	U013_H11
2476579.M13REV	U013_H12
2476580.M13REV	U011_B05
2476581.M13REV	U003_C07
2476582.M13REV	U003_D01
2481772.M13REV	U00W_A01
2481773.M13REV	U00W_A02
2481774.M13REV	U00W_A03
2481775.M13REV	U00X_C03
2481776.M13REV	U00Y_E02
2481777.M13REV	U00Z_G01
2481778.M13REV	U00Z_G02
2481779.M13REV	U00Z_G03
2481780.M13REV	U00Z_G04
2481781.M13REV	U00Z_G05
